	tagged_sentence
0	"The-[O] next-[O] live-[O] firings-[O] did-[O] n't-[O] happen-[O] until-[O] 2015-[O] when-[O] a-[O] single-[O] missile-[O] was-[O] launched-[O] from-[O] a-[O] coastal-[O] launcher-[O] and-[O] another-[O] one-[O] from-[O] ""-[O] Petar-[O] Krešimir-[O] IVs-[O] ""-[O] sister-[O] ship-[O] ,-[O] ""-[O] Kralj-[O] Dmitar-[O] Zvonimir-[O] ""-[O] (-[O] RTOP-12-[O] )-[O] .-[O]"
1	Yves-[PB] Aupetitallot-[PI] ,-[O] Private-[O] View-[O] 1980-[O] --[O] 2000-[O] :-[O] Collection-[O] Pierre-[PB] Huber-[PI] ,-[O] JRP-[O] /-[O] Ringier-[O]
2	The-[O] party-[O] is-[O] led-[O] by-[O] Oddbjørn-[PB] Jonstad-[PI] ,-[O] a-[O] former-[O] local-[O] leader-[O] of-[O] the-[O] Progress-[O] Party-[O] who-[O] was-[O] expelled-[O] from-[O] the-[O] party-[O] following-[O] some-[O] controversial-[O] proposals-[O] he-[O] made-[O] on-[O] immigration-[O] issues-[O] .-[O]
4	In-[O] 1884-[O] ,-[O] Henry-[PB] Sage-[PI] endowed-[O] several-[O] of-[O] the-[O] first-[O] scholarships-[O] in-[O] the-[O] nation-[O] earmarked-[O] especially-[O] for-[O] women-[O] .-[O]
7	Born-[O] in-[O] São-[O] João-[O] do-[O] Araguaia-[O] ,-[O] Pará-[O] ,-[O] Tiago-[PB] Alves-[PI] graduated-[O] from-[O] Santos-[O] '-[O] youth-[O] setup-[O] .-[O]
8	Asser-[PB] married-[O] Inger-[PB] Eriksdotter-[PI] (-[O] c.-[O] 1100–1157-[O] )-[O] ,-[O] the-[O] daughter-[O] of-[O] ,-[O] and-[O] Princess-[O] Cecilia-[PB] Knutsdatter-[PI] ,-[O] a-[O] daughter-[O] of-[O] King-[O] Canute-[PB] IV-[PI] of-[O] Denmark-[O] (-[O] c.-[O] 1042-[O] –-[O] 10-[O] July-[O] 1086-[O] )-[O] ,-[O] the-[O] first-[O] Danish-[O] king-[O] (-[O] 1080–1086-[O] )-[O] to-[O] be-[O] canonized-[O] ,-[O] recognized-[O] by-[O] the-[O] Roman-[O] Catholic-[O] Church-[O] as-[O] Patron-[O] Saint-[O] of-[O] Denmark-[O] in-[O] 1101-[O] .-[O]
9	However-[O] ,-[O] the-[O] most-[O] detailed-[O] study-[O] was-[O] conducted-[O] by-[O] A-[PB] K-[PI] Ramanujan-[PB] and-[O] William-[PB] Bright-[PI] in-[O] the-[O] 1960s-[O] .-[O]
10	The-[O] suburb-[O] takes-[O] its-[O] name-[O] from-[O] the-[O] mountain-[O] ,-[O] which-[O] in-[O] turn-[O] takes-[O] its-[O] name-[O] from-[O] John-[PB] Mansell-[PI] Ommaney-[PB] ,-[O] the-[O] nephew-[O] of-[O] Stephen-[PB] Simpson-[PI] ,-[O] Commissioner-[O] for-[O] Crown-[O] Lands-[O] in-[O] the-[O] Moreton-[O] Bay-[O] District-[O] .-[O]
12	Hanan-[PB] Ibrahim-[PI] MBE-[PB] (-[O] ,-[O] )-[O] is-[O] a-[O] Somalian-[O] social-[O] activist-[O] .-[O]
13	Henry-[O] 's-[O] son-[O] and-[O] successor-[O] ,-[O] Duke-[O] Maurice-[O] ,-[O] was-[O] one-[O] of-[O] the-[O] most-[O] controversial-[O] figures-[O] of-[O] the-[O] Reformation-[O] period-[O] .-[O]
15	After-[O] the-[O] Emperor-[O] had-[O] issued-[O] the-[O] Augsburg-[O] Interim-[O] ,-[O] Maurice-[PB] concluded-[O] an-[O] alliance-[O] with-[O] King-[O] Henry-[PB] II-[PI] of-[O] France-[O] and-[O] through-[O] the-[O] Treaty-[O] of-[O] Chambord-[O] 1552-[O] ceded-[O] the-[O] Three-[O] Bishoprics-[O] of-[O] Metz-[O] ,-[O] Toul-[O] ,-[O] and-[O] Verdun-[O] in-[O] Lorraine-[O] to-[O] France-[O] .-[O]
16	"One-[O] of-[O] the-[O] settlers-[O] ,-[O] Judge-[O] Coulter-[PB] ,-[O] picked-[O] the-[O] most-[O] beautiful-[O] spot-[O] for-[O] a-[O] village-[O] with-[O] the-[O] intentions-[O] of-[O] laying-[O] out-[O] a-[O] village-[O] ,-[O] and-[O] although-[O] he-[O] had-[O] no-[O] name-[O] planned-[O] his-[O] neighbors-[O] jokingly-[O] called-[O] it-[O] ""-[O] Coulterville-[O] .-[O] ""-[O]"
17	"During-[O] this-[O] period-[O] ,-[O] Dante-[PB] ,-[O] who-[O] was-[O] a-[O] Manhattan-[O] neighbor-[O] of-[O] George-[PB] Plimpton-[PI] ,-[O] was-[O] invited-[O] to-[O] serve-[O] as-[O] the-[O] publisher-[O] of-[O] the-[O] ""-[O] Paris-[O] Review-[O] ,-[O] ""-[O] and-[O] whose-[O] publisher-[O] he-[O] served-[O] from-[O] 1978-[O] to-[O] 1985-[O] .-[O]"
18	In-[O] the-[O] 2013/2014-[O] season-[O] the-[O] club-[O] advanced-[O] to-[O] the-[O] Final-[O] Four-[O] of-[O] the-[O] CEV-[O] Champions-[O] League-[O] held-[O] in-[O] Ankara-[O] ,-[O] Turkey-[O] and-[O] after-[O] defeating-[O] Zenit-[O] Kazan-[O] won-[O] a-[O] bronze-[O] medal-[O] .-[O]
19	In-[O] 1986-[O] Richard-[PB] Wilson-[PI] directed-[O] a-[O] production-[O] at-[O] the-[O] Royal-[O] Exchange-[O] ,-[O] Manchester-[O] with-[O] Geraldine-[PB] Alexander-[PI] as-[O] Sheila-[PB] Birling-[PI] ,-[O] Hugh-[PB] Grant-[PI] as-[O] Eric-[PB] Birling-[PI] and-[O] Graeme-[PB] Garden-[PI] as-[O] Inspector-[O] Goole-[PB] .-[O]
20	The-[O] cast-[O] included-[O] Pauline-[PB] Jameson-[PI] as-[O] Sybil-[PB] Birling-[PI] ,-[O] Peter-[PB] Baldwin-[PI] as-[O] Arthur-[PB] Birling-[PI] ,-[O] Charlotte-[PB] Attenborough-[PI] as-[O] Sheila-[PB] Birling-[PI] ,-[O] Simon-[PB] Shepherd-[PI] as-[O] Gerald-[PB] Croft-[PI] and-[O] Adam-[PB] Godley-[PI] as-[O] Eric-[PB] Birling-[PI] .-[O]
21	"In-[O] 1973-[O] ,-[O] a-[O] Soviet-[O] made-[O] --[O] for-[O] --[O] television-[O] film-[O] ""-[O] Он-[O] пришел-[O] ""-[O] (-[O] ""-[O] On-[O] prishel-[O] ""-[O] )-[O] was-[O] produced-[O] ,-[O] starring-[O] Vladimir-[PB] Etush-[PI] as-[O] Gull-[PB] (-[O] Goole-[PB] )-[O] ,-[O] Irina-[PB] Kupchenko-[PI] as-[O] Sheila-[PB] Birling-[PI] and-[O] as-[O] Eric-[PB] Birling-[PI] .-[O]"
22	Directed-[O] by-[O] Michael-[PB] Simpson-[PI] ,-[O] it-[O] starred-[O] Bernard-[PB] Hepton-[PI] as-[O] Inspector-[O] Goole-[PB] ,-[O] Sarah-[PB] Berger-[PI] as-[O] Sheila-[PB] Birling-[PI] ,-[O] Nigel-[PB] Davenport-[PI] as-[O] Arthur-[PB] Birling-[PI] ,-[O] Simon-[PB] Ward-[PI] as-[O] Gerald-[PB] Croft-[PI] ,-[O] Margaret-[PB] Tyzack-[PI] as-[O] Sybil-[PB] Birling-[PI] and-[O] David-[PB] Sibley-[PI] as-[O] Eric-[PB] Birling-[PI] .-[O]
23	On-[O] 14-[O] July-[O] 2007-[O] BBC-[O] Radio-[O] 7-[O] broadcast-[O] an-[O] adaptation-[O] by-[O] John-[PB] Foley-[PI] originally-[O] aired-[O] on-[O] the-[O] BBC-[O] World-[O] Service-[O] ,-[O] starring-[O] Bob-[PB] Peck-[PI] as-[O] Inspector-[O] Goole-[PB] ,-[O] John-[PB] Woodvine-[PI] as-[O] Arthur-[PB] Birling-[PI] and-[O] Maggie-[PB] Steed-[PI] as-[O] Sybil-[PB] Birling-[PI] .-[O]
25	Next-[O] day-[O] ,-[O] Polish-[O] team-[O] won-[O] bronze-[O] in-[O] their-[O] match-[O] with-[O] VC-[O] Zenit-[O] Kazan-[O] (-[O] 3-[O] --[O] 2-[O] )-[O] .-[O]
27	Harry-[PB] Morris-[PI] Warner-[PB] (-[O] born-[O] Hirsz-[PB] Mojżesz-[PI] Wonsal-[PB] ;-[O] December-[O] 12-[O] ,-[O] 1881-[O] –-[O] July-[O] 25-[O] ,-[O] 1958-[O] )-[O] was-[O] an-[O] American-[O] studio-[O] executive-[O] ,-[O] one-[O] of-[O] the-[O] founders-[O] of-[O] Warner-[O] Bros.-[O] ,-[O] and-[O] a-[O] major-[O] contributor-[O] to-[O] the-[O] development-[O] of-[O] the-[O] film-[O] industry-[O] .-[O]
28	In-[O] his-[O] first-[O] year-[O] on-[O] the-[O] bench-[O] ,-[O] Scudder-[PB] presided-[O] of-[O] the-[O] highly-[O] publicized-[O] murder-[O] trial-[O] of-[O] Ruth-[PB] Snyder-[PI] and-[O] her-[O] lover-[O] Henry-[PB] Judd-[PI] Gray-[PB] ,-[O] for-[O] the-[O] murder-[O] of-[O] Ruth-[PB] 's-[O] husband-[O] Albert-[PB] Snyder-[PI] .-[O]
29	Farrell-[PB] competed-[O] in-[O] the-[O] three-[O] --[O] person-[O] keelboat-[O] (-[O] Yngling-[O] )-[O] event-[O] with-[O] skipper-[O] Krystal-[PB] Weir-[PI] and-[O] fellow-[O] crew-[O] Karyn-[PB] Gojnich-[PI] .-[O]
30	Judith-[PB] Ryan-[PI] ,-[O] senior-[O] curator-[O] at-[O] the-[O] National-[O] Gallery-[O] of-[O] Victoria-[O] ,-[O] described-[O] Makinti-[PB] 's-[O] entry-[O] in-[O] the-[O] 2003-[O] Clemenger-[O] Contemporary-[O] Art-[O] Award-[O] as-[O] :-[O] concerned-[O] with-[O] touching-[O] and-[O] sensing-[O] with-[O] fingers-[O] ,-[O] rather-[O] than-[O] purely-[O] visual-[O] .-[O]
31	"His-[O] most-[O] famous-[O] work-[O] ,-[O] the-[O] acclaimed-[O] cult-[O] comedy-[O] mockumentary-[O] ""-[O] Roddy-[O] Smythe-[O] Investigates-[O] ...-[O] ""-[O] Roddy-[O] Smythe-[O] (-[O] starring-[O] Peter-[PB] Slater-[PI] ,-[O] Kiki-[PB] Kendrick-[PI] ,-[O] Peter-[PB] Kay-[PI] and-[O] Mark-[PB] Strange-[PI] )-[O] has-[O] since-[O] spawned-[O] two-[O] sequels-[O] ,-[O] a-[O] radio-[O] adaptation-[O] and-[O] a-[O] forthcoming-[O] feature-[O] film-[O] .-[O]"
32	"The-[O] tone-[O] and-[O] language-[O] of-[O] the-[O] poem-[O] is-[O] influenced-[O] by-[O] William-[PB] Bowles-[PI] 's-[PB] poetry-[O] ;-[O] it-[O] differs-[O] from-[O] 18th-[O] --[O] century-[O] poetic-[O] conventions-[O] and-[O] connects-[O] the-[O] style-[O] of-[O] the-[O] poem-[O] to-[O] many-[O] of-[O] Coleridge-[PB] 's-[O] other-[O] poems-[O] of-[O] the-[O] time-[O] ,-[O] including-[O] ""-[O] To-[O] the-[O] Autumnal-[O] Moon-[O] ""-[O] ,-[O] ""-[O] Pain-[O] ""-[O] ,-[O] ""-[O] On-[O] Receiving-[O] an-[O] Account-[O] that-[O] his-[O] only-[O] Sister-[O] 's-[O] Death-[O] was-[O] Inevitable-[O] ""-[O] and-[O] ""-[O] To-[O] the-[O] River-[O] Otter-[O] ""-[O] .-[O]"
33	"The-[O] islet-[O] was-[O] mentioned-[O] as-[O] ""-[O] Juan-[O] Carnira-[O] ""-[O] in-[O] the-[O] 1747-[O] map-[O] by-[O] Jacques-[PB] --[PI] Nicolas-[PB] Bellin-[PI] .-[O]"
34	The-[O] second-[O] season-[O] is-[O] directed-[O] by-[O] KOBU-[O] ;-[O] series-[O] composed-[O] by-[O] Satoru-[PB] Nishizono-[PI] ;-[O] music-[O] by-[O] Tatsuya-[PB] Kato-[PI] ;-[O] produced-[O] by-[O] Makoto-[PB] Ito-[PI] ,-[O] Osamu-[PB] Koshinaka-[PI] ,-[O] Ryūji-[PB] Sekine-[PI] ,-[O] and-[O] Takuro-[PB] Hatakeyama-[PI] ;-[O] and-[O] character-[O] designs-[O] by-[O] Tsutomu-[PB] Miyazawa-[PI] .-[O]
36	"She-[O] was-[O] a-[O] committed-[O] feminist-[O] ,-[O] writing-[O] for-[O] the-[O] magazine-[O] ""-[O] Spare-[O] Rib-[O] ""-[O] and-[O] was-[O] strongly-[O] influenced-[O] by-[O] Sylvia-[PB] Plath-[PI] 's-[PB] poetry-[O] .-[O]"
37	On-[O] 6-[O] February-[O] 1819-[O] ,-[O] Temenggong-[PB] Abdul-[PI] Rahman-[PB] and-[O] Sultan-[PB] Hussein-[PI] Shah-[PB] signed-[O] The-[O] Singapore-[O] Treaty-[O] with-[O] Stamford-[O] Raffles-[O] .-[O]
38	Major-[O] William-[PB] Farquhar-[PI] ,-[O] accompanied-[O] by-[O] a-[O] few-[O] Malaccan-[O] Malays-[O] ,-[O] climbed-[O] up-[O] the-[O] Bukit-[O] Larangan-[O] .-[O]
41	"Aw-[O] thowt-[O] aw'd-[O] myek-[O] a-[O] voyge-[O] to-[O] Shiels-[PB] ,-[O] 
 -[O] Iv-[O] Jemmy-[O] Joneson-[O] 's-[O] whurry-[O] .-[O]"
50	Produced-[O] by-[O] Rudolph-[PB] Cartier-[PI] ;-[O] it-[O] starred-[O] Flora-[PB] Robson-[PI] in-[O] the-[O] title-[O] role-[O] .-[O]
51	In-[O] 2001-[O] ,-[O] a-[O] monument-[O] to-[O] Juliusz-[PB] Słowacki-[PI] ,-[O] by-[O] Edward-[PB] Wittig-[PI] (-[O] actually-[O] designed-[O] in-[O] 1932-[O] )-[O] ,-[O] was-[O] erected-[O] on-[O] the-[O] spot-[O] previously-[O] occupied-[O] by-[O] the-[O] statue-[O] of-[O] Feliks-[PB] Dzierżyński-[PI] .-[O]
53	Sophie-[PB] Ferguson-[PI] /-[O] Sally-[PB] Peers-[PI] def-[O] .-[O] Claudia-[PB] Giovine-[PI] /-[PB] María-[PI] Irigoyen-[PB] ,-[O] 6–4-[O] ,-[O] 6–1-[O] .-[O]
56	He-[O] married-[O] for-[O] a-[O] second-[O] time-[O] with-[O] María-[PB] de-[PI] Cabrera-[PB] y-[PI] Bobadilla-[PB] ,-[O] daughter-[O] of-[O] Andrés-[PB] de-[PI] Cabrera-[PB] ,-[O] 1st-[O] Marquis-[O] of-[O] Moya-[O] ,-[O] with-[O] whom-[O] he-[O] had-[O] one-[O] more-[O] child-[O] .-[O]
59	In-[O] November-[O] 2005-[O] ,-[O] Arakawa-[O] changed-[O] coaches-[O] to-[O] Nikolai-[PB] Morozov-[PI] .-[O]
60	In-[O] the-[O] 1976–77-[O] season-[O] ,-[O] he-[O] joined-[O] Julius-[PB] Erving-[PI] leading-[O] the-[O] Sixers-[O] to-[O] the-[O] NBA-[O] Finals-[O] ,-[O] where-[O] they-[O] lost-[O] to-[O] the-[O] Portland-[O] Trail-[O] Blazers-[O] .-[O]
63	Sophie-[PB] Ferguson-[PI] and-[O] Sally-[PB] Peers-[PI] defeated-[O] Claudia-[PB] Giovine-[PI] and-[O] María-[PB] Irigoyen-[PI] in-[O] the-[O] final-[O] 6–4-[O] ,-[O] 6–1-[O] .-[O]
64	"Nina-[PB] Willner-[PI] ,-[O] Eddie-[PB] and-[O] Johanna-[PB] 's-[O] daughter-[O] ,-[O] wrote-[O] ""-[O] Forty-[O] Autumns-[O] :-[O] A-[O] Family-[O] 's-[O] Story-[O] of-[O] Courage-[O] and-[O] Survival-[O] on-[O] Both-[O] Sides-[O] of-[O] the-[O] Berlin-[O] Wall-[O] ,-[O] ""-[O] a-[O] narrative-[O] non-[O] --[O] fiction-[O] book-[O] which-[O] further-[O] details-[O] the-[O] family-[O] 's-[O] journey-[O] through-[O] the-[O] Cold-[O] War-[O] .-[O]"
65	Other-[O] Filipino-[O] writers-[O] who-[O] ventured-[O] into-[O] this-[O] theme-[O] include-[O] Iñigo-[PB] Ed-[PI] .-[PB] Regalado-[PI] ,-[O] Juan-[PB] Arsciwals-[PI] ,-[O] Ruperto-[PB] Cristobal-[PI] ,-[O] and-[O] Antonio-[PB] Sempio-[PI] .-[O]
66	Niels-[PB] Finn-[PI] Høffding-[PB] (-[O] 10-[O] March-[O] 1899-[O] in-[O] Copenhagen-[O] –-[O]
67	Doug-[PB] Virden-[PI] and-[O] Drew-[PB] Womack-[PI] ,-[O] members-[O] of-[O] the-[O] band-[O] Sons-[O] of-[O] the-[O] Desert-[O] at-[O] the-[O] time-[O] ,-[O] provided-[O] background-[O] vocals-[O] on-[O] this-[O] album-[O] ,-[O] as-[O] did-[O] Blue-[PB] Miller-[PI] ,-[O] formerly-[O] of-[O] the-[O] Silver-[O] Bullet-[O] Band-[O] and-[O] Gibson-[O] /-[O] Miller-[O] Band-[O] .-[O]
68	He-[O] made-[O] his-[O] professional-[O] debut-[O] in-[O] the-[O] Eredivisie-[O] for-[O] Heracles-[O] Almelo-[O] on-[O] 18-[O] February-[O] 2017-[O] in-[O] a-[O] game-[O] against-[O] S.B.V.-[O] Excelsior-[O] .-[O]
69	A-[O] Few-[O] Dollars-[O] for-[O] Django-[O] (-[O] )-[O] is-[O] a-[O] 1966-[O] Spaghetti-[O] Western-[O] film-[O] directed-[O] by-[O] León-[PB] Klimovsky-[PI] and-[O] Enzo-[PB] G.-[PI] Castellari-[PB] and-[O] starring-[O] Anthony-[PB] Steffen-[PI] .-[O]
76	"Judith-[PB] Martin-[PI] of-[O] ""-[O] The-[O] Washington-[O] Post-[O] ""-[O] wrote-[O] the-[O] film-[O] seemed-[O] ""-[O] especially-[O] cruel-[O] ""-[O] to-[O] kill-[O] Sylvia-[PB] Plath-[PI] again-[O] ""-[O] by-[O] reputation-[O] ,-[O] ""-[O] by-[O] making-[O] the-[O] heroine-[O] of-[O] her-[O] story-[O] ""-[O] an-[O] elitist-[O] hysteric-[O] .-[O] ""-[O]"
77	OURIMBAH-[O] 24-[O] (-[O] T.-[PB] Morris-[PI] 2-[O] ,-[O] Don-[PB] Nancarrow-[PI] ,-[O] Brian-[PB] Eden-[PI] ,-[O] Allan-[PB] Sharpe-[PI] ,-[O] K.-[PB] Archbold-[PI] tries-[O] ;-[O] Brian-[PB] Eden-[PI] 2-[O] ,-[O] Noel-[PB] Sharpe-[PI] 2-[O] goals-[O] )-[O] defeated-[O] ERINA-[O] 12-[O] (-[O] B.-[PB] Short-[PI] ,-[O] Ron-[PB] Nowland-[PI] tries-[O] ;-[O] Peter-[PB] Bennett-[PI] 3-[O] goals-[O] )-[O] at-[O] Erina-[O] on-[O] Sunday-[O] ,-[O] September-[O] 11-[O] ,-[O] 1960-[O] .-[O]
83	Tragically-[O] ,-[O] two-[O] of-[O] Hector-[PB] Thompson-[PI] 's-[PB] opponents-[O] ,-[O] one-[O] in-[O] 1970-[O] ,-[O] Roko-[PB] Spanja-[PI] and-[O] one-[O] in-[O] 1976-[O] ,-[O] Chuck-[PB] Wilburn-[PI] ---[O] passed-[O] away-[O] after-[O] being-[O] TKO'ed-[O] by-[O] Thompson-[PB] .-[O]
84	"Hannah-[PB] Hart-[PI] ,-[O] Grace-[PB] Helbig-[PI] and-[O] Mamrie-[PB] Hart-[PI] wrote-[O] and-[O] performed-[O] a-[O] satirical-[O] version-[O] ,-[O] ""-[O] I-[O] Just-[O] Want-[O] To-[O] Film-[O] This-[O] Moment-[O] ""-[O] as-[O] the-[O] opening-[O] of-[O] their-[O] #-[O] NoFilterShow-[O] performance-[O] .-[O]"
85	He-[O] has-[O] edited-[O] and-[O] introduced-[O] editions-[O] of-[O] Richard-[PB] Jefferies-[PI] ,-[O] Gilbert-[PB] White-[PI] ,-[O] Flora-[PB] Thompson-[PI] and-[O] Peter-[PB] Matthiessen-[PI] .-[O]
86	The-[O] Dutch-[O] however-[O] in-[O] the-[O] 84th-[O] minute-[O] sealed-[O] their-[O] win-[O] ,-[O] with-[O] Wesley-[PB] Sneijder-[PI] scoring-[O] off-[O] an-[O] assist-[O] from-[O] Dirk-[PB] Kuyt-[PI] into-[O] an-[O] unguarded-[O] net-[O] after-[O] Kuyt-[PB] got-[O] the-[O] ball-[O] past-[O] the-[O] Slovak-[O] keeper-[O] .-[O]
88	"Performances-[O] included-[O] Eleanore-[PB] Carthart-[PI] ,-[O] Lady-[O] Huston-[PB] 's-[O] ""-[O] Coquettes-[O] ""-[O] in-[O] 1759-[O] ,-[O] John-[O] (-[O] or-[O] James-[PB] )-[O] Baille-[PB] 's-[O] political-[O] farce-[O] ""-[O] Patriotism-[O] ""-[O] in-[O] 1763-[O] ,-[O] and-[O] Andrew-[PB] Eskine-[PI] 's-[PB] cross-[O] --[O] dressing-[O] love-[O] farce-[O] ""-[O] She-[O] 's-[O] Not-[O] Him-[O] ,-[O] He-[O] 's-[O] Not-[O] Her-[O] ""-[O] in-[O] 1764-[O] .-[O]"
90	His-[O] best-[O] --[O] known-[O] moves-[O] were-[O] drafting-[O] future-[O] Hall-[O] --[O] Of-[O] --[O] Famer-[O] Joe-[PB] Dumars-[PI] outside-[O] the-[O] lottery-[O] and-[O] rebounding-[O] champ-[O] Dennis-[PB] Rodman-[PI] in-[O] the-[O] second-[O] round-[O] of-[O] the-[O] NBA-[O] Draft-[O] ,-[O] trading-[O] three-[O] players-[O] for-[O] future-[O] all-[O] --[O] star-[O] center-[O] and-[O] dominant-[O] rebounder-[O] Bill-[PB] Laimbeer-[PI] and-[O] trading-[O] superstar-[O] Adrian-[PB] Dantley-[PI] for-[O] Mark-[PB] Aguirre-[PI] during-[O] the-[O] 1988–89-[O] season-[O] ,-[O] a-[O] move-[O] that-[O] helped-[O] the-[O] Pistons-[O] win-[O] the-[O] NBA-[O] championship-[O] in-[O] 1989-[O] and-[O] 1990-[O] .-[O]
91	"Fatsis-[PB] trained-[O] as-[O] a-[O] placekicker-[O] and-[O] spent-[O] the-[O] summer-[O] of-[O] 2006-[O] as-[O] a-[O] member-[O] of-[O] the-[O] Denver-[O] Broncos-[O] during-[O] the-[O] team-[O] 's-[O] training-[O] camp-[O] (-[O] similar-[O] to-[O] the-[O] premise-[O] of-[O] George-[PB] Plimpton-[PI] 's-[PB] 1966-[O] book-[O] ""-[O] Paper-[O] Lion-[O] ""-[O] )-[O] .-[O]"
92	"In-[O] 1961-[O] ,-[O] he-[O] negotiated-[O] the-[O] transfer-[O] of-[O] Jimmy-[PB] Greaves-[PI] from-[O] Chelsea-[O] to-[O] A.C.-[O] Milan-[O] ,-[O] 
 -[O] and-[O] the-[O] transfers-[O] of-[O] two-[O] Scottish-[O] players-[O] to-[O] Torino-[O] –-[O] Joe-[PB] Baker-[PI] from-[O] Hibernian-[O] and-[O] Denis-[PB] Law-[PI] from-[O] Manchester-[O] City-[O] .-[O]"
95	"Since-[O] it-[O] was-[O] around-[O] this-[O] time-[O] that-[O] Mathilde-[PB] discovered-[O] Rimbaud-[PB] 's-[O] ""-[O] obscene-[O] and-[O] sexual-[O] letters-[O] ""-[O] to-[O] Verlaine-[PB] ,-[O] Jacques-[PB] Bienvenu-[PI] has-[O] tried-[O] to-[O] demonstrate-[O] that-[O] Verlaine-[PB] may-[O] have-[O] even-[O] invented-[O] the-[O] existence-[O] of-[O] the-[O] poem-[O] ,-[O] wanting-[O] to-[O] subsequently-[O] present-[O] Rimbaud-[PB] 's-[O] letters-[O] as-[O] a-[O] work-[O] of-[O] fiction-[O] .-[O]"
96	Under-[O] July-[O] Monarchy-[O] ,-[O] de-[O] Laborde-[O] held-[O] a-[O] famous-[O] salon-[O] in-[O] her-[O] hotel-[O] in-[O] Passy-[O] that-[O] attracted-[O] main-[O] figures-[O] of-[O] the-[O] romantic-[O] generation-[O] :-[O] Francois-[PB] --[PI] Rene-[PB] de-[PI] Chateaubriand-[PB] ,-[O] Adolphe-[PB] Thiers-[PI] ,-[O] Eugene-[PB] Delacroix-[PI] ,-[O] Prosper-[PB] Merimee-[PI] ,-[O] Maxime-[PB] du-[PI] Camp-[PB] ,-[O] Emile-[PB] de-[PI] Girardin-[PB] ,-[O] Alfred-[PB] de-[PI] Musset-[PB] ,-[O] Charles-[PB] de-[PI] Montalembert-[PB] ,-[O] Minghetti-[PB] ,-[O] the-[O] future-[O] Empress-[O] of-[O] France-[O] ,-[O] Eugenie-[PB] de-[PI] Montijo-[PB] ,-[O] and-[O] the-[O] Countess-[O] de-[PB] Castiglione-[PI] .-[O]
97	Mike-[PB] Spee-[PI] ,-[O] an-[O] adult-[O] ,-[O] played-[O] James-[PB] ,-[O] Kendra-[PB] Kassebaum-[PI] played-[O] the-[O] Ladybug-[O] ,-[O] and-[O] Julie-[PB] Briskman-[PI] and-[O] Jayne-[PB] Muirhead-[PI] played-[O] Sponge-[PB] and-[O] Spiker-[PB] ,-[O] respectively-[O] .-[O]
98	With-[O] young-[O] actor-[O] Luca-[PB] Padovan-[PI] as-[O] James-[PB] ,-[O] this-[O] cast-[O] featured-[O] Marc-[PB] Kudisch-[PI] as-[O] Ladahord-[PB] ,-[O] Jackie-[PB] Hoffman-[PI] and-[O] Mary-[PB] Testa-[PI] as-[O] Spiker-[PB] and-[O] Sponge-[PB] ,-[O] respectively-[O] ,-[O] Christian-[PB] Borle-[PI] as-[O] the-[O] Grasshopper-[O] ,-[O] Megan-[PB] Hilty-[PI] as-[O] the-[O] Ladybug-[O] ,-[O] Sarah-[PB] Stiles-[PI] as-[O] the-[O] Spider-[O] ,-[O] Daniel-[PB] Breaker-[PI] as-[O] the-[O] Earthworm-[O] ,-[O] and-[O] Brian-[PB] d'Arcy-[PI] James-[PB] as-[O] the-[O] Centipede-[O] .-[O]
102	The-[O] album-[O] was-[O] produced-[O] in-[O] Florida-[O] ,-[O] United-[O] States-[O] (-[O] US-[O] )-[O] ,-[O] by-[O] James-[PB] Paul-[PI] Wisner-[PB] ,-[O] who-[O] has-[O] previously-[O] worked-[O] with-[O] Underoath-[O] ,-[O] The-[O] Academy-[O] Is-[O] ...-[O] and-[O] Dashboard-[O] Confessional-[O] .-[O]
107	Colin-[PB] Manford-[PI] and-[O] Emma-[PB] Kearney-[PI] chose-[O] the-[O] Civic-[O] for-[O] their-[O] wedding-[O] in-[O] June-[O] 2016-[O] .-[O]
108	"In-[O] January-[O] 2017-[O] ,-[O] in-[O] an-[O] interview-[O] with-[O] ""-[O] The-[O] Huffington-[O] Post-[O] ""-[O] ,-[O] Cole-[PB] 's-[O] manager-[O] and-[O] Dreamville-[O] president-[O] ,-[O] Ibrahim-[PB] Hamad-[PI] revealed-[O] not-[O] even-[O] the-[O] label-[O] knew-[O] they-[O] would-[O] be-[O] releasing-[O] ""-[O] 4-[O] Your-[O] Eyez-[O] Only-[O] ""-[O] until-[O] very-[O] late-[O] .-[O]"
116	The-[O] team-[O] 's-[O] captain-[O] was-[O] SEC-[O] player-[O] of-[O] the-[O] year-[O] Carl-[PB] Hinkle-[PI] and-[O] also-[O] featured-[O] Baby-[O] Ray-[O] .-[O]
120	is-[O] a-[O] 1986-[O] single-[O] by-[O] The-[O] Source-[O] featuring-[O] Candi-[PB] Staton-[PI] .-[O]
124	"Contactmusic.com-[O] also-[O] commented-[O] on-[O] the-[O] song-[O] by-[O] saying-[O] that-[O] ""-[O] The-[O] B-[O] --[O] side-[O] cover-[O] of-[O] The-[O] Source-[O] ft-[O] .-[O] Candi-[O] Staton-[O] 's-[O] ""-[O] You-[O] Got-[O] the-[O] Love-[O] ""-[O] is-[O] equally-[O] strong-[O] .-[O] ""-[O]"
139	In-[O] this-[O] period-[O] Montažstroj-[PB] 's-[O] performances-[O] were-[O] more-[O] intimate-[O] and-[O] they-[O] produced-[O] works-[O] such-[O] as-[O] '-[O] TERRIBLE-[O] FISH-[O] '-[O] based-[O] on-[O] Sylvia-[PB] Plath-[PI] ’s-[PB] poetry-[O] ,-[O] ‘-[O] WHO-[O] IS-[O] WOYZECK-[O] ?-[O] ’-[O] based-[O] on-[O] Büchner-[PB] 's-[O] canonic-[O] text-[O] Western-[O] Theater-[O] and-[O] ‘-[O] THE-[O] ENCYCLOPEDIA-[O] OF-[O] THE-[O] DEAD-[O] ’-[O] based-[O] on-[O] a-[O] story-[O] by-[O] Danilo-[PB] Kiš-[PI] .-[O]
146	He-[O] was-[O] an-[O] actor-[O] in-[O] the-[O] Juliusz-[O] Słowacki-[O] Theatre-[O] of-[O] Kraków-[O] (-[O] 1960–1967-[O] )-[O] ,-[O] the-[O] Polski-[O] (-[O] 1967–1974-[O] )-[O] ,-[O] the-[O] Nowy-[O] (-[O] 1974–1984-[O] )-[O] ,-[O] and-[O] the-[O] Narodowy-[O] (-[O] 1984–1985-[O] )-[O] theatres-[O] of-[O] Warsaw-[O] .-[O]
150	"Poole-[PB] is-[O] an-[O] ""-[O] English-[O] eccentric-[O] with-[O] a-[O] hatred-[O] for-[O] island-[O] life-[O] ""-[O] .-[O] According-[O] to-[O] Michael-[PB] Hogan-[PI] ,-[O] Poole-[PB] ""-[O] harrumphs-[O] around-[O] Hugh-[PB] Grant-[PI] --[PB] ishly-[PI] in-[O] his-[O] uptight-[O] Brit-[O] suit-[O] and-[O] carries-[O] a-[O] briefcase-[O] ,-[O] endlessly-[O] dabbing-[O] at-[O] his-[O] forehead-[O] with-[O] a-[O] hankie-[O] .-[O] ""-[O]"
186	In-[O] 1913-[O] ,-[O] the-[O] glacier-[O] was-[O] named-[O] by-[O] Hudson-[PB] Stuck-[PI] after-[O] Walter-[PB] Harper-[PI] ,-[O] a-[O] Koyukon-[O] mountaineer-[O] and-[O] the-[O] first-[O] man-[O] to-[O] reach-[O] the-[O] summit-[O] of-[O] Denali-[O] .-[O]
193	"Other-[O] television-[O] credits-[O] include-[O] ""-[O] Lark-[O] Rise-[O] to-[O] Candleford-[O] ""-[O] (-[O] 2006–2010-[O] )-[O] in-[O] which-[O] she-[O] played-[O] the-[O] part-[O] of-[O] Pearl-[PB] Pratt-[PI] ,-[O] in-[O] the-[O] BBC-[O] adaptation-[O] of-[O] Flora-[PB] Thompson-[PI] 's-[PB] novel-[O] .-[O]"
207	"His-[O] classifications-[O] are-[O] concepts-[O] like-[O] :-[O] ""-[O] Sylvia-[O] Plath-[O] Poems-[O] ""-[O] ,-[O] ""-[O] Wise-[O] Child-[O] poems-[O] ""-[O] ,-[O] ""-[O] Snapshot-[O] Poems-[O] ""-[O] ,-[O] ""-[O] Academic-[O] Sleaze-[O] ""-[O] ,-[O] ""-[O] Fruits-[O] --[O] and-[O] --[O] Flower-[O] --[O] Poems-[O] ""-[O] ,-[O] ""-[O] Ezra-[PB] Pound-[PI] poems-[O] ""-[O] ,-[O] ""-[O] Jazz-[O] Poems-[O] ""-[O] ,-[O] ""-[O] Self-[O] --[O] Pity-[O] Poems-[O] ""-[O] ,-[O] ""-[O] West-[O] Coast-[O] Poems-[O] ""-[O] .-[O]"
225	The-[O] 11th-[O] New-[O] York-[O] and-[O] 1st-[O] Minnesota-[O] were-[O] directed-[O] into-[O] position-[O] at-[O] the-[O] top-[O] of-[O] Henry-[O] House-[O] Hill-[O] by-[O] Major-[O] William-[PB] Farquhar-[PI] Barry-[PB] ,-[O] McDowell-[PB] 's-[O] chief-[O] of-[O] artillery-[O] ,-[O] and-[O] ordered-[O] to-[O] assault-[O] the-[O] Confederate-[O] line-[O] .-[O]
254	"His-[O] fascination-[O] with-[O] the-[O] fundamental-[O] philosophical-[O] issues-[O] of-[O] women-[O] 's-[O] existence-[O] soon-[O] found-[O] another-[O] expression-[O] in-[O] the-[O] play-[O] ""-[O] Smrt-[O] i-[O] čežnja-[O] Silvije-[O] Plat-[O] ""-[O] (-[O] The-[O] Death-[O] and-[O] Desire-[O] of-[O] Sylvia-[O] Plath-[O] )-[O] ,-[O] another-[O] ""-[O] hommage-[O] ""-[O] ,-[O] this-[O] time-[O] to-[O] the-[O] great-[O] American-[O] poet-[O] .-[O]"
257	"Her-[O] ""-[O] Vanity-[O] Fair-[O] ""-[O] story-[O] on-[O] Roman-[PB] Polanski-[PI] was-[O] included-[O] in-[O] George-[PB] Plimpton-[PI] ’s-[PB] book-[O] ""-[O] The-[O] Best-[O] American-[O] Movie-[O] Writing-[O] for-[O] 1998-[O] ""-[O] .-[O]"
317	"His-[O] most-[O] notable-[O] design-[O] works-[O] in-[O] Kraków-[O] include-[O] Juliusz-[O] Słowacki-[O] Theatre-[O] (-[O] 1889-[O] --[O] 1893-[O] )-[O] ,-[O] School-[O] of-[O] Economics-[O] (-[O] 1904–1906-[O] )-[O] ,-[O] Ohrenstein-[O] House-[O] at-[O] the-[O] corner-[O] of-[O] Stradom-[O] and-[O] Dietla-[O] streets-[O] build-[O] for-[O] Moshe-[PB] Löbel-[PI] Ohrenstein-[PB] and-[O] his-[O] wife-[O] Reizel-[PB] Wald-[PI] (-[O] 1911–1913-[O] )-[O] ,-[O] Turnaus-[O] '-[O] Townhouse-[O] at-[O] the-[O] corner-[O] of-[O] Siemiradzki-[O] and-[O] Łobzowska-[O] Streets-[O] (-[O] 1889–1891-[O] )-[O] and-[O] the-[O] architect-[O] 's-[O] own-[O] house-[O] ,-[O] the-[O] so-[O] --[O] called-[O] ""-[O] Jasny-[O] Dom-[O] ""-[O] (-[O] The-[O] Bright-[O] House-[O] )-[O] built-[O] 1909–1910-[O] .-[O]"
323	He-[O] is-[O] a-[O] graduate-[O] of-[O] the-[O] Juliusz-[O] Słowacki-[O] Polish-[O] Gymnasium-[O] in-[O] Český-[O] Těšín-[O] .-[O]
335	"However-[O] ,-[O] he-[O] praised-[O] Hugh-[PB] Grant-[PI] 's-[PB] performance-[O] which-[O] ""-[O] saves-[O] the-[O] movie-[O] ""-[O] .-[O]"
339	"De-[PB] Masi-[PI] also-[O] scored-[O] several-[O] action-[O] films-[O] ,-[O] such-[O] as-[O] Enzo-[PB] G.-[PI] Castellari-[PB] 's-[PI] ""-[O] Quel-[O] maledetto-[O] treno-[O] blindato-[O] ""-[O] (-[O] ""-[O] The-[O] Inglorious-[O] Bastards-[O] ""-[O] )-[O] ,-[O] but-[O] he-[O] is-[O] best-[O] remembered-[O] for-[O] his-[O] work-[O] on-[O] spaghetti-[O] westerns-[O] .-[O]"
352	He-[O] was-[O] friends-[O] with-[O] [-[PB] [-[PI] Juliusz-[PB] Słowacki-[PI] ]-[O] ]-[O] ,-[O] [-[O] [-[PB] Aleksander-[PI] Fredro-[PB] ]-[O] ]-[O] ,-[O] [-[O] [-[PB] Antoni-[PI] Edward-[PB] Odyniec|Antoni-[PI] Odyniec-[PB] ]-[O] ]-[O] and-[O] prominent-[O] others-[O] ,-[O] including-[O] [-[O] [-[PB] Adam-[PI] Mickiewicz-[PB] ]-[PI] ]-[O] with-[O] whom-[O] he-[O] corresponded-[O] .-[O]
360	"Stevenson-[PB] is-[O] the-[O] author-[O] of-[O] over-[O] a-[O] dozen-[O] volumes-[O] of-[O] poetry-[O] ,-[O] of-[O] some-[O] books-[O] of-[O] essays-[O] and-[O] literary-[O] criticism-[O] ,-[O] of-[O] a-[O] controversial-[O] biography-[O] of-[O] the-[O] American-[O] poet-[O] Sylvia-[PB] Plath-[PI] ,-[O] ""-[O] Bitter-[O] Fame-[O] :-[O] A-[O] Life-[O] of-[O] Sylvia-[O] Plath-[O] ""-[O] (-[O] 1989-[O] )-[O] ,-[O] and-[O] two-[O] critical-[O] studies-[O] of-[O] Elizabeth-[PB] Bishop-[PI] .-[O]"
393	This-[O] match-[O] was-[O] also-[O] Heracles-[PB] Almelo-[PI] 's-[PB] first-[O] and-[O] only-[O] appearance-[O] in-[O] a-[O] KNVB-[O] Cup-[O] final-[O] in-[O] their-[O] club-[O] 's-[O] entire-[O] history-[O] .-[O]
415	For-[O] instance-[O] ,-[O] as-[O] coach-[O] of-[O] the-[O] Bucks-[O] in-[O] the-[O] 1980s-[O] ,-[O] Nelson-[PB] 's-[O] teams-[O] were-[O] beaten-[O] in-[O] the-[O] playoffs-[O] by-[O] either-[O] Julius-[PB] Erving-[PI] 's-[PB] Philadelphia-[O] 76ers-[O] or-[O] Larry-[PB] Bird-[PI] 's-[PB] Boston-[O] Celtics-[O] .-[O]
451	Even-[O] without-[O] Worthy-[PB] for-[O] the-[O] playoffs-[O] ,-[O] the-[O] Lakers-[O] did-[O] make-[O] it-[O] to-[O] the-[O] NBA-[O] Finals-[O] ,-[O] only-[O] to-[O] be-[O] swept-[O] in-[O] four-[O] games-[O] by-[O] the-[O] Julius-[O] Erving-[O] and-[O] Moses-[PB] Malone-[PI] led-[O] Philadelphia-[O] 76ers-[O] .-[O]
455	Biseswar-[PB] then-[O] scored-[O] his-[O] first-[O] goal-[O] of-[O] the-[O] season-[O] and-[O] set-[O] up-[O] the-[O] opening-[O] goal-[O] of-[O] the-[O] game-[O] for-[O] the-[O] side-[O] ,-[O] as-[O] they-[O] beat-[O] Heracles-[O] Almelo-[O] 2–1-[O] on-[O] 12-[O] February-[O] 2011-[O] .-[O]
458	"Sleževičius-[PB] directed-[O] several-[O] of-[O] the-[O] them-[O] ,-[O] with-[O] his-[O] staging-[O] of-[O] Juliusz-[PB] Słowacki-[PI] 's-[PB] ""-[O] Mindaugas-[O] ""-[O] (-[O] 1908-[O] )-[O] and-[O] Vincas-[PB] Nagornockis-[PI] '-[PB] ""-[O] Živilė-[O] ""-[O] (-[O] 1909-[O] )-[O] particularly-[O] well-[O] received-[O] .-[O]"
478	On-[O] June-[O] 13-[O] ,-[O] 2017-[O] ,-[O] PotCoin-[O] sponsored-[O] Ex-[O] --[O] NBA-[O] Star-[O] Dennis-[PB] Rodman-[PI] 's-[O] fifth-[O] trip-[O] to-[O] North-[O] Korea-[O] .-[O]
488	Gabriel-[PB] de-[PI] Lorges-[PB] ,-[O] 1st-[O] Earl-[O] of-[O] Montgomery-[O] ,-[O] Lord-[O] of-[O] Lorges-[O] and-[O] Ducey-[O] ,-[O] (-[O] 5-[O] May-[O] 153026-[O] June-[O] 1574-[O] )-[O] was-[O] a-[O] French-[O] nobleman-[O] of-[O] Scottish-[O] extraction-[O] and-[O] captain-[O] of-[O] the-[O] Scots-[O] Guard-[O] of-[O] King-[O] Henry-[PB] II-[PI] of-[O] France-[O] .-[O]
522	"The-[O] museum-[O] is-[O] open-[O] to-[O] the-[O] public-[O] and-[O] tells-[O] the-[O] story-[O] of-[O] Buckingham-[O] and-[O] rural-[O] life-[O] ,-[O] including-[O] the-[O] Flora-[O] Thompson-[O] Collection-[O] (-[O] author-[O] of-[O] ""-[O] Lark-[O] Rise-[O] to-[O] Candleford-[O] ""-[O] )-[O] and-[O] Buckinghamshire-[O] Military-[O] Trust-[O] exhibits-[O] .-[O]"
592	The-[O] Chicago-[O] Bulls-[O] '-[O] Dennis-[PB] Rodman-[PI] would-[O] tie-[O] this-[O] record-[O] twice-[O] ,-[O] both-[O] games-[O] coming-[O] in-[O] the-[O] 1996-[O] NBA-[O] Finals-[O] ,-[O] also-[O] against-[O] the-[O] SuperSonics-[O] .-[O]
619	"Simpson-[PB] made-[O] no-[O] further-[O] attempt-[O] to-[O] conceal-[O] the-[O] fact-[O] that-[O] '-[PB] Stephen-[PI] Simpson-[PB] '-[O] was-[O] indeed-[O] the-[O] author-[O] of-[O] the-[O] original-[O] articles-[O] published-[O] by-[O] ""-[O] The-[O] Aurora-[O] ""-[O] .-[O]"
628	She-[O] graduated-[O] from-[O] Juliusz-[O] Słowacki-[O] Public-[O] High-[O] School-[O] in-[O] 1949-[O] in-[O] her-[O] birth-[O] town-[O] .-[O]
658	After-[O] a-[O] first-[O] round-[O] bye-[O] in-[O] the-[O] playoffs-[O] ,-[O] Houston-[O] defeated-[O] the-[O] Washington-[O] Bullets-[O] led-[O] by-[O] former-[O] Rocket-[O] Elvin-[PB] Hayes-[PI] as-[O] well-[O] as-[O] Wes-[PB] Unseld-[PI] in-[O] seven-[O] games-[O] in-[O] the-[O] Eastern-[O] Conference-[O] semi-[O] --[O] finals-[O] ,-[O] and-[O] advanced-[O] to-[O] the-[O] conference-[O] finals-[O] for-[O] the-[O] first-[O] time-[O] in-[O] their-[O] history-[O] ,-[O] but-[O] they-[O] lost-[O] to-[O] the-[O] top-[O] --[O] seeded-[O] Philadelphia-[O] 76ers-[O] led-[O] by-[O] former-[O] ABA-[O] superstar-[O] Julius-[PB] Erving-[PI] 4–2-[O] .-[O]
681	Kauffman-[PB] began-[O] working-[O] in-[O] the-[O] sports-[O] industry-[O] in-[O] the-[O] 1970s-[O] ,-[O] at-[O] the-[O] age-[O] of-[O] 27-[O] ,-[O] providing-[O] accounting-[O] and-[O] legal-[O] services-[O] for-[O] such-[O] clients-[O] as-[O] Muhammad-[PB] Ali-[PI] and-[O] basketball-[O] Hall-[O] of-[O] Famers-[O] Julius-[PB] Erving-[PI] and-[O] Charles-[PB] Barkley-[PI] .-[O]
767	As-[O] a-[O] youth-[O] ,-[O] Fredson-[PB] had-[O] taken-[O] part-[O] in-[O] Hudson-[PB] Stuck-[PI] 's-[PB] expedition-[O] to-[O] climb-[O] Denali-[O] ,-[O] and-[O] served-[O] as-[O] base-[O] camp-[O] manager-[O] .-[O]
776	"Lisa-[PB] Narbeshuber-[PI] ’s-[PB] essay,""“""The-[O] Poetics-[O] of-[O] Torture-[O] :-[O] The-[O] Spectacle-[O] of-[O] Sylvia-[O] Plath-[O] 's-[O] Poetry-[O] ""-[O] displayed-[O] how-[O] several-[O] of-[O] Plath-[PB] 's-[O] most-[O] famous-[O] poems-[O] ,-[O] including-[O] ""-[O] Daddy-[O] ,-[O] ""-[O] portrayed-[O] the-[O] female-[O] figure-[O] in-[O] opposition-[O] to-[O] male-[O] authority-[O] .-[O]"
867	Hugh-[PB] Grant-[PI] Aynesworth-[PB] (;-[O] born-[O] August-[O] 2-[O] ,-[O] 1931-[O] )-[O] is-[O] an-[O] American-[O] journalist-[O] ,-[O] investigative-[O] reporter-[O] ,-[O] author-[O] ,-[O] and-[O] teacher-[O] .-[O]
877	Was-[O] also-[O] involved-[O] in-[O] creating-[O] the-[O] Juliusz-[O] Słowacki-[O] Museum-[O] in-[O] Krzemieniec-[O] .-[O]
908	The-[O] Juliusz-[O] Słowacki-[O] Theatre-[O] in-[O] Cracow-[O] was-[O] used-[O] by-[O] Germans-[O] .-[O]
1006	"5-[O] .-[O] ""-[O] Cordelia-[O] in-[O] Exile-[O] ""-[O] ,-[O] Sylvia-[O] Plath-[O] Award-[O] ,-[O] World-[O] Order-[O] of-[O] Narrative-[O] Poems-[O] 1987-[O]"
1083	Dirk-[PB] Kuyt-[PI] 's-[PB] header-[O] a-[O] minute-[O] later-[O] briefly-[O] gave-[O] Liverpool-[O] the-[O] lead-[O] ,-[O] but-[O] Frank-[PB] Lampard-[PI] 's-[PB] 89th-[O] --[O] minute-[O] strike-[O] leveled-[O] the-[O] score-[O] to-[O] 4–4-[O] ,-[O] with-[O] Chelsea-[O] winning-[O] 7–5-[O] on-[O] aggregate-[O] to-[O] go-[O] through-[O] to-[O] the-[O] semi-[O] --[O] finals-[O] of-[O] the-[O] tournament-[O] .-[O]
1128	In-[O] a-[O] brief-[O] ceremony-[O] in-[O] the-[O] field-[O] camp-[O] after-[O] the-[O] battle-[O] on-[O] 4-[O] June-[O] 1547-[O] Duke-[O] Maurice-[O] of-[O] Saxony-[O] was-[O] raised-[O] to-[O] the-[O] dignified-[O] position-[O] of-[O] Elector-[O] of-[O] Saxony-[O] .-[O]
1156	"Dwight-[PB] Gooden-[PI] was-[O] known-[O] as-[O] ""-[O] Doctor-[O] K-[O] ""-[O] (-[O] back-[O] --[O] referencing-[O] basketball-[O] star-[O] Julius-[PB] Erving-[PI] a.k.a-[O] .-[O] ""-[O] Dr.-[O] J-[O] ""-[O] )-[O] .-[O]"
1186	Colonel-[O] Charles-[PB] William-[PI] Bowles-[PB] (-[O] 30-[O] September-[O] 1877-[O] –-[O]
1218	In-[O] 2006-[O] ,-[O] Taulava-[PB] participated-[O] in-[O] the-[O] team-[O] 's-[O] 110-[O] --[O] 102-[O] victory-[O] over-[O] the-[O] Dennis-[PB] Rodman-[PI] --[O] led-[O] American-[O] team-[O] on-[O] May-[O] 1-[O] .-[O]
1310	This-[O] in-[O] turn-[O] led-[O] to-[O] a-[O] whole-[O] new-[O] trade-[O] in-[O] travelling-[O] accessories-[O] ,-[O] from-[O] larger-[O] bags-[O] --[O] often-[O] made-[O] of-[O] durable-[O] leather--[O] to-[O] the-[O] famous-[O] trunks-[O] of-[O] makers-[O] such-[O] as-[O] Louis-[PB] Vuitton-[PI] ,-[O] who-[O] first-[O] made-[O] his-[O] name-[O] supplying-[O] to-[O] the-[O] Empress-[O] Eugenie-[PB] de-[PI] Montijo-[PB] .-[O]
1315	Journalist-[O] started-[O] rapping-[O] as-[O] a-[O] career-[O] path-[O] in-[O] 1998-[O] and-[O] in-[O] 1999-[O] ,-[O] Journalist-[O] auditioned-[O] for-[O] a-[O] Universal-[O] Records-[O] contract-[O] with-[O] Julius-[PB] Erving-[PI] Jr.-[PB] as-[O] his-[O] manager-[O] .-[O]
1325	In-[O] 1997-[O] school-[O] joined-[O] the-[O] Juliusz-[O] Słowacki-[O] Schools-[O] Association-[O] in-[O] the-[O] Polish-[O] city-[O] of-[O] Chorzów-[O] .-[O]
1354	"The-[O] site-[O] of-[O] the-[O] new-[O] asylum-[O] had-[O] ""-[O] been-[O] formerly-[O] occupied-[O] by-[O] the-[O] residence-[O] of-[O] Dr-[O] Stephen-[PB] Simpson-[PI] ,-[O] the-[O] Commissioner-[O] of-[O] Crown-[O] lands-[O] .-[O] ""-[O]"
1357	Along-[O] with-[O] Bird-[PB] ,-[O] Tiny-[PB] Archibald-[PI] ,-[O] Cedric-[PB] Maxwell-[PI] ,-[O] Pete-[PB] Maravich-[PI] ,-[O] Chris-[PB] Ford-[PI] ,-[O] M.L.-[PB] Carr-[PI] and-[O] Rick-[PB] Robey-[PI] ,-[O] Cowens-[PB] and-[O] the-[O] Celtics-[O] defeated-[O] the-[O] Houston-[O] Rockets-[O] 4-[O] --[O] 0-[O] in-[O] the-[O] Eastern-[O] Conference-[O] playoffs-[O] ,-[O] before-[O] losing-[O] to-[O] the-[O] Philadelphia-[O] 76ers-[O] with-[O] Julius-[PB] Erving-[PI] 4–1-[O] in-[O] the-[O] Eastern-[O] Conference-[O] finals-[O] .-[O]
1409	In-[O] 1956-[O] Poloczek-[PB] graduated-[O] from-[O] the-[O] Juliusz-[O] Słowacki-[O] Polish-[O] Grammar-[O] School-[O] .-[O]
1411	He-[O] was-[O] Duke-[O] Maurice-[O] William-[O] of-[O] Saxe-[O] --[O] Zeitz-[O] ,-[O] the-[O] son-[O] of-[O] Duke-[O] Maurice-[O] of-[O] Saxe-[O] --[O] Zeitz-[O] and-[O] Dorothea-[PB] Maria-[PI] of-[O] Saxe-[O] --[O] Weimar-[O] .-[O]
1418	Otto-[PB] however-[O] urged-[O] on-[O] a-[O] military-[O] expedition-[O] against-[O] the-[O] revolting-[O] nobles-[O] ,-[O] which-[O] the-[O] Emperor-[O] prepared-[O] by-[O] forging-[O] an-[O] alliance-[O] with-[O] the-[O] (-[O] Lutheran-[O] )-[O] Duke-[O] Maurice-[O] of-[O] Saxony-[O] ,-[O] when-[O] the-[O] Protestants-[O] in-[O] 1546-[O] sparked-[O] the-[O] Schmalkaldic-[O] War-[O] by-[O] a-[O] preventive-[O] strike-[O] against-[O] the-[O] town-[O] of-[O] Füssen-[O] ,-[O] a-[O] possession-[O] of-[O] the-[O] Augsburg-[O] bishop-[O] .-[O]
1507	During-[O] a-[O] tennis-[O] match-[O] in-[O] Paris-[O] between-[O] Ferdinand-[PB] de-[PI] Lesseps-[PB] (-[O] Tyrone-[PB] Power-[PI] )-[O] and-[O] his-[O] friend-[O] Vicomte-[PB] Rene-[PI] de-[PB] Latour-[PI] (-[O] Joseph-[PB] Schildkraut-[PI] )-[O] ,-[O] the-[O] enthusiastic-[O] admiration-[O] of-[O] Countess-[O] Eugenie-[PB] de-[PI] Montijo-[PB] (-[O] Loretta-[PB] Young-[PI] )-[O] for-[O] de-[PB] Lesseps-[PI] attracts-[O] the-[O] attention-[O] of-[O] Louis-[PB] --[PI] Napoléon-[PB] Bonaparte-[PI] (-[O] Leon-[PB] Ames-[PI] )-[O] .-[O]
1532	"In-[O] the-[O] fictionalised-[O] Candleford-[O] Green-[O] of-[O] Flora-[PB] Thompson-[PI] ,-[O] the-[O] penny-[O] reading-[O] ,-[O] although-[O] outmoded-[O] elsewhere-[O] ,-[O] was-[O] ""-[O] still-[O] going-[O] strong-[O] ""-[O] in-[O] the-[O] 1890s-[O] .-[O]"
1572	The-[O] Larry-[PB] Bird-[PI] --[O] led-[O] Celtics-[O] won-[O] five-[O] of-[O] them-[O] ,-[O] while-[O] the-[O] Julius-[PB] Erving-[PI] --[O] led-[O] 76ers-[O] won-[O] the-[O] other-[O] three-[O] .-[O]
1578	In-[O] the-[O] summer-[O] of-[O] 1921-[O] ,-[O] Dr.-[O] Moorehead-[PB] ,-[O] alaong-[PB] with-[O] Dr.-[O] Henry-[PB] Sage-[PI] Dunning-[PB] of-[O] New-[O] York-[O] and-[O] Dr.-[O] Truman-[PB] W.-[PI] Brophy-[PB] ,-[O] met-[O] in-[O] Chicago-[O] to-[O] organize-[O] the-[O] 1st-[O] association-[O] in-[O] North-[O] America-[O] of-[O] specialists-[O] in-[O] what-[O] would-[O] come-[O] to-[O] be-[O] known-[O] as-[O] plastic-[O] surgery-[O] .-[O]
1588	Kawalec-[PB] graduated-[O] from-[O] Juliusz-[O] Słowacki-[O] Grammar-[O] School-[O] in-[O] Wrocław-[O] in-[O] 1973-[O] and-[O] later-[O] entered-[O] studies-[O] at-[O] the-[O] University-[O] of-[O] Wrocław-[O] ,-[O] where-[O] he-[O] studied-[O] e.g.-[O] under-[O] prof-[O] .-[O] Henryk-[PB] Zieliński-[PI] .-[O]
1596	In-[O] the-[O] only-[O] non-[O] --[O] seeded-[O] match-[O] ,-[O] Daniela-[PB] Hantuchová-[PI] and-[O] Ai-[PB] Sugiyama-[PI] eased-[O] through-[O] against-[O] home-[O] wildcards-[O] Monika-[PB] Wejnert-[PI] and-[O] Sophie-[PB] Ferguson-[PI] 6–2-[O] ,-[O] 6–3-[O] .-[O]
1611	"In-[O] early-[O] 2015-[O] ,-[O] she-[O] appeared-[O] in-[O] a-[O] music-[O] video-[O] for-[O] Lance-[PB] Bass-[PI] and-[O] on-[O] ""-[O] The-[O] Grace-[O] Helbig-[O] Show-[O] ""-[O] with-[O] Jim-[PB] Parsons-[PI] .-[O]"
1617	"I-[O] was-[O] very-[O] Hugh-[PB] Grant-[PI] --[O] like-[O] and-[O] spluttering-[O] about-[O] it-[O] .-[O] ""-[O]"
1665	in-[O] 2014-[O] he-[O] signes-[O] a-[O] two-[O] --[O] year-[O] contract-[O] with-[O] Shahrdari-[O] Urmia-[O] but-[O] halfway-[O] through-[O] the-[O] season-[O] he-[O] terminates-[O] the-[O] contract-[O] and-[O] subsequently-[O] joins-[O] the-[O] Zenit-[O] Kazan-[O] .-[O]
1668	He-[O] flew-[O] to-[O] Florida-[O] ,-[O] met-[O] his-[O] brother-[O] at-[O] the-[O] airport-[O] with-[O] his-[O] guitar-[O] ,-[O] and-[O] went-[O] to-[O] James-[PB] Paul-[PI] Wisner-[PB] 's-[PI] apartment-[O] .-[O]
1688	They-[O] also-[O] had-[O] another-[O] son-[O] ,-[O] Jimmy-[PB] Greaves-[PI] Jr-[PB] ,-[O] who-[O] died-[O] before-[O] his-[O] first-[O] birthday-[O] .-[O]
1701	"He-[O] coined-[O] ""-[O] the-[O] Sylvia-[O] Plath-[O] Effect-[O] ,-[O] ""-[O] after-[O] finding-[O] that-[O] female-[O] poets-[O] were-[O] more-[O] likely-[O] to-[O] be-[O] mentally-[O] ill-[O] than-[O] other-[O] writers-[O] ,-[O] in-[O] a-[O] paper-[O] in-[O] the-[O] ""-[O] Journal-[O] of-[O] Creative-[O] Behavior-[O] ""-[O] ,-[O] and-[O] his-[O] work-[O] on-[O] poets-[O] dying-[O] young-[O] has-[O] been-[O] featured-[O] in-[O] the-[O] New-[O] York-[O] Times-[O] ,-[O] NPR-[O] ,-[O] BBC-[O] ,-[O] CNN-[O] ,-[O] and-[O] newspapers-[O] and-[O] magazines-[O] across-[O] the-[O] world-[O] .-[O]"
1729	In-[O] 1926-[O] he-[O] graduated-[O] from-[O] the-[O] Juliusz-[O] Słowacki-[O] Polish-[O] Grammar-[O] School-[O] in-[O] Orłowa-[O] .-[O]
1776	A-[O] former-[O] England-[O] Under-21-[O] striker-[O] ,-[O] Gallen-[PB] signed-[O] a-[O] professional-[O] contract-[O] for-[O] Queens-[O] Park-[O] Rangers-[O] on-[O] his-[O] 17th-[O] birthday-[O] after-[O] setting-[O] phenomenal-[O] scoring-[O] records-[O] whilst-[O] in-[O] the-[O] youth-[O] team-[O] ,-[O] breaking-[O] Jimmy-[PB] Greaves-[PI] '-[PB] long-[O] --[O] standing-[O] record-[O] at-[O] that-[O] level-[O] .-[O]
1806	Olive-[PB] Farquhar-[PI] was-[O] the-[O] daughter-[O] of-[O] Archdeacon-[O] Charles-[PB] William-[PI] Farquhar-[PB] ,-[O] (-[O] d.-[O] 1928-[O] )-[O] of-[O] Barbados-[O] .-[O]
1850	"On-[O] September-[O] 1-[O] ,-[O] 2014-[O] ,-[O] Helbig-[PB] premiered-[O] her-[O] audio-[O] --[O] video-[O] podcast-[O] ""-[O] Not-[O] Too-[O] Deep-[O] with-[O] Grace-[O] Helbig-[O] ""-[O] .-[O]"
1919	"From-[O] January-[O] 1946-[O] ,-[O] he-[O] worked-[O] as-[O] an-[O] extra-[O] in-[O] the-[O] Polish-[O] Theatre-[O] (-[O] Teatr-[O] Polski-[O] )-[O] in-[O] the-[O] first-[O] post-[O] --[O] war-[O] production-[O] of-[O] Juliusz-[PB] Słowacki-[PI] ’s-[PB] ""-[O] Lilla-[O] Weneda-[O] ""-[O] .-[O]"
1921	"Englander-[PB] worked-[O] on-[O] film-[O] inserts-[O] for-[O] highly-[O] prestigious-[O] BBC-[O] dramas-[O] such-[O] as-[O] Rudolph-[PB] Cartier-[PI] 's-[PB] ""-[O] Quatermass-[O] and-[O] the-[O] Pit-[O] ""-[O] (-[O] 1958–59-[O] )-[O] and-[O] ""-[O] Anna-[O] Karenina-[O] ""-[O] (-[O] 1961-[O] )-[O] ,-[O] and-[O] later-[O] programmes-[O] such-[O] as-[O] ""-[O] Doctor-[O] Who-[O] ""-[O] ,-[O] ""-[O] Dad-[O] 's-[O] Army-[O] ""-[O] ,-[O] ""-[O] Colditz-[O] ""-[O] and-[O] ""-[O] Maigret-[O] ""-[O] .-[O]"
1953	Bryant-[PB] William-[PI] Bowles-[PB] Jr.-[PI] (-[O] March-[O] 1920-[O] in-[O] Alford-[O] ,-[O] Florida-[O] –-[O]
1967	Claudia-[PB] Giovine-[PI] (;-[O] born-[O] 18-[O] July-[O] 1990-[O] )-[O] is-[O] a-[O] professional-[O] Italian-[O] tennis-[O] player-[O] .-[O]
1971	"She-[O] performed-[O] opposite-[O] Kendra-[PB] Kassebaum-[PI] as-[O] Glinda-[PB] ,-[O] with-[O] whom-[O] she-[O] had-[O] previously-[O] performed-[O] on-[O] the-[O] ""-[O] Wicked-[O] ""-[O] First-[O] National-[O] tour-[O] when-[O] it-[O] played-[O] in-[O] San-[O] Francisco-[O] .-[O]"
2027	William-[PB] Farquhar-[PI] Collection-[O] of-[O] Natural-[O] History-[O] Drawings-[O]
2028	The-[O] William-[PB] Farquhar-[PI] Collection-[O] of-[O] Natural-[O] History-[O] Drawings-[O] consists-[O] of-[O] 477-[O] watercolour-[O] botanical-[O] drawings-[O] of-[O] plants-[O] and-[O] animals-[O] of-[O] Malacca-[O] and-[O] Singapore-[O] by-[O] unknown-[O] Chinese-[O] (-[O] probably-[O] Cantonese-[O] )-[O] artists-[O] that-[O] were-[O] commissioned-[O] between-[O] 1819-[O] and-[O] 1823-[O] by-[O] William-[PB] Farquhar-[PI] (-[O] 26-[O] February-[O] 1774-[O] –-[O] 13-[O] May-[O] 1839-[O] )-[O] .-[O]
2044	On-[O] May-[O] 3-[O] ,-[O] 2014-[O] ,-[O] in-[O] the-[O] FC-[O] Groningen-[O] --[O] Heracles-[O] Almelo-[O] game-[O] ,-[O] Cijntje-[PB] was-[O] subbed-[O] in-[O] for-[O] Van-[O] der-[O] Velden-[O] in-[O] the-[O] 84th-[O] minute-[O] ,-[O] making-[O] his-[O] debut-[O] for-[O] the-[O] club-[O] at-[O] age-[O] 33-[O] .-[O]
2085	Stephen-[PB] Simpson-[PI] 's-[PB] No-[O] .-[O] 85-[O] JDC-[O] /-[O] Miller-[PB] entry-[O] was-[O] second-[O] and-[O] Ryan-[PB] Eversley-[PI] 's-[PB] sister-[O] BAR1-[O] car-[O] completed-[O] the-[O] top-[O] three-[O] in-[O] the-[O] category-[O] .-[O]
2094	Hamilton-[PB] joined-[O] Chelsea-[O] as-[O] a-[O] junior-[O] and-[O] became-[O] the-[O] Stamford-[O] Bridge-[O] club-[O] 's-[O] youngest-[O] ever-[O] player-[O] and-[O] goalscorer-[O] at-[O] 16-[O] years-[O] ,-[O] 138-[O] days-[O] when-[O] he-[O] scored-[O] against-[O] Tottenham-[O] Hotspur-[O] on-[O] his-[O] debut-[O] ,-[O] on-[O] 18-[O] March-[O] 1967-[O] ,-[O] a-[O] feat-[O] which-[O] earned-[O] comparisons-[O] with-[O] another-[O] famous-[O] Chelsea-[O] striker-[O] who-[O] also-[O] scored-[O] on-[O] his-[O] debut-[O] against-[O] Spurs-[O] –-[O] Jimmy-[O] Greaves-[PB] .-[O]
2141	He-[O] is-[O] a-[O] youth-[O] product-[O] from-[O] the-[O] FC-[O] Twente-[O] /-[O] Heracles-[O] Almelo-[O] football-[O] academy-[O] .-[O]
2144	In-[O] 1971-[O] --[O] 1972-[O] ,-[O] Cannon-[PB] played-[O] for-[O] the-[O] Indiana-[O] Pacers-[O] ,-[O] averaging-[O] 6.6-[O] points-[O] ,-[O] 2.6-[O] assists-[O] and-[O] 1.7-[O] rebounds-[O] ,-[O] as-[O] the-[O] Pacers-[O] defeated-[O] the-[O] New-[O] York-[O] Nets-[O] with-[O] Julius-[PB] Erving-[PI] 4-[O] --[O] 2-[O] in-[O] the-[O] ABA-[O] Finals-[O] to-[O] capture-[O] the-[O] ABA-[O] Championship-[O] .-[O]
2152	Nonetheless-[O] ,-[O] Cocu-[PB] and-[O] the-[O] team-[O] won-[O] the-[O] KNVB-[O] Cup-[O] by-[O] beating-[O] Heracles-[O] Almelo-[O] 3–0-[O] in-[O] the-[O] final-[O] .-[O]
2183	"(-[O] Huddleston-[PB] said-[O] this-[O] on-[O] a-[O] George-[PB] Plimpton-[PI] ABC-[O] documentary-[O] about-[O] the-[O] making-[O] of-[O] ""-[O] Rio-[O] Lobo-[O] ""-[O] ;-[O] Ricardo-[PB] Montalbán-[PI] would-[O] later-[O] use-[O] the-[O] recitation-[O] numerous-[O] times-[O] in-[O] speeches-[O] with-[O] his-[O] own-[O] name-[O] .-[O]"
2203	In-[O] 1985-[O] ,-[O] he-[O] graduated-[O] from-[O] the-[O] Juliusz-[O] Słowacki-[O] High-[O] School-[O] No-[O] .-[O] 9-[O] in-[O] Wrocław-[O] .-[O]
2240	Previously-[O] ,-[O] he-[O] attended-[O] Juliusz-[O] Słowacki-[O] High-[O] School-[O] No-[O] .-[O] 1-[O] from-[O] which-[O] he-[O] was-[O] expelled-[O] .-[O]
2255	"In-[O] 1973-[O] he-[O] became-[O] an-[O] assistant-[O] director-[O] at-[O] the-[O] Royal-[O] Shakespeare-[O] Company-[O] where-[O] he-[O] directed-[O] in-[O] the-[O] studio-[O] theatre-[O] called-[O] The-[O] Other-[O] Place-[O] a-[O] production-[O] of-[O] ""-[O] Sylvia-[O] Plath-[O] a-[O] Dramatic-[O] Portrait-[O] ""-[O] ,-[O] his-[O] dramatisation-[O] of-[O] Sylvia-[PB] Plath-[PI] 's-[PB] poetry-[O] and-[O] life-[O] .-[O]"
2388	They-[O] had-[O] one-[O] son-[O] ,-[O] William-[PB] Bowles-[PI] Smith-[PB] ,-[O] and-[O] one-[O] daughter-[O] ,-[O] Isabella-[PB] Carter-[PI] Smith-[PB] .-[O]
2474	Wall-[PB] extended-[O] friendship-[O] and-[O] knowledge-[O] with-[O] others-[O] such-[O] as-[O] Francisco-[PB] Pérez-[PI] Bayer-[PB] ,-[O] Jose-[PB] Clavijo-[PI] y-[PB] Fajardo-[PI] ,-[O] ,-[O] Celestino-[PB] Mutis-[PI] ,-[O] (-[O] Spanish-[O] Ambassador-[O] to-[O] Vienna-[O] under-[O] Emperor-[O] Joseph-[PB] II-[PI] &-[O] nephew-[O] of-[O] one-[O] of-[O] Spain-[O] 's-[O] First-[O] Secretaries-[O] of-[O] State-[O] )-[O] ,-[O] Sebastián-[PB] de-[PI] la-[PB] Cuadra-[PI] ,-[O] 1st-[O] Marquis-[O] of-[O] Villarías-[O] ,-[O] numerous-[O] members-[O] of-[O] Juan-[PB] de-[PI] Iriarte-[PB] 's-[PI] family-[O] ,-[O] Bernardino-[PB] del-[PI] Campo-[PB] ,-[O] Ambassador-[O] José-[PB] Nicolás-[PI] de-[PB] Azara-[PI] (-[O] a-[O] follower-[O] of-[O] William-[PB] Bowles-[PI] '-[PB] work-[O] )-[O] and-[O] Juan-[PB] de-[PI] Chindulza-[PB] .-[O]
2604	Also-[O] lettered-[O] in-[O] basketball-[O] and-[O] was-[O] ’-[O] 04-’05-[O] Co-[O] --[O] MVP-[O] and-[O] won-[O] the-[O] Dennis-[O] Rodman-[O] Award-[O] .-[O]
2745	"after-[O] she-[O] was-[O] approached-[O] by-[O] TriQuarterly-[O] magazine-[O] who-[O] were-[O] writing-[O] a-[O] ""-[O] Womanly-[O] Issue-[O] ""-[O] ,-[O] including-[O] a-[O] tribute-[O] for-[O] Plath-[PB] titled-[O] “-[O] The-[O] Art-[O] of-[O] Sylvia-[O] Plath-[O] ”-[O] .-[O]"
2808	On-[O] 27-[O] May-[O] 2018-[O] Dirk-[PB] Kuyt-[PI] officially-[O] retired-[O] as-[O] a-[O] professional-[O] football-[O] player-[O] in-[O] the-[O] specially-[O] organised-[O] Dirk-[O] Kuyt-[O] Testimonial-[O] ,-[O] of-[O] which-[O] the-[O] proceeds-[O] would-[O] be-[O] donated-[O] to-[O] three-[O] charities-[O] :-[O] the-[O] Dirk-[O] Kuyt-[O] Foundation-[O] ,-[O] the-[O] Feyenoord-[O] Foundation-[O] ,-[O] and-[O] Support-[O] Casper-[O] .-[O]
2836	"In-[O] ""-[O] The-[O] Guardian-[O] ""-[O] on-[O] 20-[O] April-[O] 1989-[O] ,-[O] Hughes-[PB] wrote-[O] the-[O] article-[O] ""-[O] The-[O] Place-[O] Where-[O] Sylvia-[O] Plath-[O] Should-[O] Rest-[O] in-[O] Peace-[O] ""-[O] :-[O]"
2839	"In-[O] his-[O] foreword-[O] to-[O] ""-[O] The-[O] Journals-[O] of-[O] Sylvia-[O] Plath-[O] ""-[O] ,-[O] he-[O] defends-[O] his-[O] actions-[O] as-[O] a-[O] consideration-[O] for-[O] the-[O] couple-[O] 's-[O] young-[O] children-[O] .-[O]"
2870	"Other-[O] songs-[O] on-[O] the-[O] album-[O] which-[O] were-[O] used-[O] in-[O] major-[O] films-[O] are-[O] ""-[O] The-[O] Way-[O] (-[O] Radio-[O] Song-[O] )-[O] ""-[O] from-[O] the-[O] Sandra-[PB] Bullock-[PI] /-[O] Hugh-[PB] Grant-[PI] comedy-[O] ""-[O] Two-[O] Weeks-[O] Notice-[O] ""-[O] and-[O] ""-[O] Maybe-[O] ""-[O] from-[O] ""-[O] Laws-[O] of-[O] Attraction-[O] ""-[O] .-[O]"
2873	Rozsa-[PB] has-[O] been-[O] photographing-[O] celebrities-[O] such-[O] as-[O] [-[PB] [-[PI] Hugh-[PB] Grant-[PI] ]-[O] ]-[O] ,-[O] [-[O] [-[PB] Halle-[PI] Berry-[PB] ]-[O] ]-[O] ,-[O] [-[PB] [-[PI] Nicolas-[PB] Cage-[PI] ]-[O] ]-[O] ,-[O] [-[PB] [-[PI] John-[PB] Malkovich-[PI] ]-[PB] ]-[O] ,-[O] and-[O] [-[O] [-[PB] Natasha-[PI] Richardson-[PB] ]-[O] ]-[O] since-[O] the-[O] late-[O] 1970s-[O] .-[O]
2993	At-[O] a-[O] farewell-[O] dinner-[O] with-[O] the-[O] principal-[O] merchants-[O] and-[O] British-[O] inhabitants-[O] on-[O] 27-[O] December-[O] 1823-[O] ,-[O] Lt-[O] Col-[O] William-[PB] Farquhar-[PI] was-[O] presented-[O] with-[O] a-[O] plate-[O] valued-[O] at-[O] 3000-[O] sicca-[O] rupees-[O] as-[O] a-[O] farewell-[O] gift-[O] .-[O]
2998	"His-[O] wife-[O] ,-[O] Linn-[PB] Fenimore-[PI] Cooper-[PB] Mehta-[PI] (-[O] née-[O] Cary-[PB] )-[O] ,-[O] the-[O] daughter-[O] of-[O] William-[PB] Lucius-[PI] Cary-[PB] and-[O] Katherine-[PB] Lemoine-[PI] Fenimore-[PB] Cary-[PI] (-[O] née-[O] Cooper-[PB] )-[O] ,-[O] is-[O] a-[O] descendant-[O] of-[O] James-[PB] Fenimore-[PI] Cooper-[PB] and-[O] niece-[O] of-[O] Mehta-[PB] 's-[O] former-[O] ""-[O] New-[O] Yorker-[O] ""-[O] colleague-[O] Henry-[PB] Sage-[PI] Fenimore-[PB] Cooper-[PI] ,-[PB] Jr.-[PI] ;-[O] they-[O] married-[O] in-[O] 1983-[O] .-[O]"
3007	On-[O] April-[O] 11-[O] ,-[O] 2011-[O] ,-[O] Ball-[PB] announced-[O] he-[O] would-[O] be-[O] retiring-[O] at-[O] the-[O] end-[O] of-[O] VC-[O] Zenit-[O] Kazan-[O] 's-[O] season-[O] during-[O] an-[O] interview-[O] on-[O] The-[O] Net-[O] Live-[O] radio-[O] talkshow-[O] .-[O]
3099	"Rose-[PB] is-[O] best-[O] known-[O] for-[O] her-[O] critical-[O] study-[O] on-[O] the-[O] life-[O] and-[O] work-[O] of-[O] American-[O] poet-[O] Sylvia-[PB] Plath-[PI] ,-[O] ""-[O] The-[O] Haunting-[O] of-[O] Sylvia-[O] Plath-[O] ""-[O] ,-[O] published-[O] in-[O] 1991-[O] .-[O]"
3101	"""-[O] The-[O] Haunting-[O] of-[O] Sylvia-[O] Plath-[O] ""-[O] was-[O] critically-[O] acclaimed-[O] ,-[O] and-[O] itself-[O] subject-[O] to-[O] a-[O] famous-[O] critique-[O] by-[O] Janet-[PB] Malcolm-[PI] in-[O] her-[O] book-[O] ""-[O] The-[O] Silent-[O] Woman-[O] :-[O] Sylvia-[O] Plath-[O] and-[O] Ted-[O] Hughes-[O] ""-[O] .-[O]"
3137	In-[O] 1938-[O] she-[O] graduated-[O] from-[O] the-[O] Juliusz-[O] Słowacki-[O] Junior-[O] High-[O] School-[O] in-[O] Warsaw-[O] ,-[O] in-[O] the-[O] 1938/39-[O] academic-[O] year-[O] she-[O] began-[O] studying-[O] art-[O] history-[O] at-[O] the-[O] Faculty-[O] of-[O] Humanities-[O] at-[O] the-[O] University-[O] of-[O] Warsaw-[O] .-[O]
3204	"Published-[O] as-[O] ""-[O] Her-[O] Husband-[O] :-[O] Ted-[O] Hughes-[O] &-[O] Sylvia-[O] Plath-[O] ,-[O] a-[O] Marriage-[O] ""-[O] in-[O] 2003-[O] ,-[O] the-[O] biography-[O] steered-[O] a-[O] sensible-[O] and-[O] convincing-[O] course-[O] between-[O] partisan-[O] views-[O] of-[O] the-[O] two-[O] poets-[O] .-[O]"
3239	Winners-[O] of-[O] the-[O] championship-[O] are-[O] awarded-[O] the-[O] Julius-[O] Erving-[O] Championship-[O] Trophy-[O] .-[O]
3267	The-[O] shorts-[O] have-[O] featured-[O] a-[O] variety-[O] of-[O] celebrity-[O] cameos-[O] including-[O] Zachary-[PB] Quinto-[PI] (-[O] who-[O] also-[O] is-[O] credited-[O] as-[O] executive-[O] producer-[O] )-[O] ,-[O] Penn-[PB] Badgley-[PI] ,-[O] YouTube-[O] star-[O] Grace-[PB] Helbig-[PI] Pablo-[PB] Schreiber-[PI] ,-[O] and-[O] Willie-[PB] Garson-[PI] .-[O]
3274	Henry-[PB] Sage-[PI] 's-[PB] son-[O] Dean-[PB] Sage-[PI] later-[O] endowed-[O] the-[O] position-[O] of-[O] chaplain-[O] .-[O]
3295	The-[O] Knicks-[O] defeated-[O] the-[O] Cleveland-[O] Cavaliers-[O] 2–0-[O] in-[O] the-[O] Eastern-[O] Conference-[O] Playoffs-[O] ,-[O] before-[O] losing-[O] to-[O] the-[O] Philadelphia-[O] 76ers-[O] with-[O] Julius-[PB] Erving-[PI] 4–0-[O] in-[O] the-[O] Eastern-[O] Conference-[O] semi-[O] --[O] finals-[O] .-[O]
3411	Julius-[PB] Erving-[PI] 132-[O] ,-[O] Larry-[PB] Nance-[PI] 131-[O] ,-[O] and-[O] Terence-[PB] Stansbury-[PI] 136-[O] were-[O] all-[O] eliminated-[O] .-[O]
3421	"The-[O] ABA-[O] became-[O] famous-[O] for-[O] its-[O] three-[O] --[O] point-[O] shot-[O] ,-[O] slam-[O] dunk-[O] and-[O] red-[O] ,-[O] white-[O] and-[O] blue-[O] basketball-[O] ...-[O] not-[O] to-[O] mention-[O] players-[O] like-[O] ""-[O] Dr.-[O] J.-[O] ""-[O] Julius-[O] Erving-[O] ,-[O] Rick-[PB] Barry-[PI] ,-[O] George-[PB] Gervin-[PI] ,-[O] Connie-[PB] Hawkins-[PI] ,-[O] and-[O] many-[O] others-[O] .-[O]"
3458	Valentine-[PB] was-[O] recognized-[O] as-[O] the-[O] Julius-[O] Erving-[O] Small-[O] Forward-[O] of-[O] the-[O] Year-[O] Award-[O] winner-[O] .-[O]
3470	The-[O] Julius-[O] Erving-[O] Small-[O] Forward-[O] of-[O] the-[O] Year-[O] Award-[O] is-[O] an-[O] annual-[O] basketball-[O] award-[O] given-[O] by-[O] the-[O] Naismith-[O] Memorial-[O] Basketball-[O] Hall-[O] of-[O] Fame-[O] to-[O] the-[O] top-[O] men-[O] 's-[O] collegiate-[O] small-[O] forward-[O] .-[O]
3481	Gabriel-[O] de-[O] Montgommery-[O] I-[O] (-[O] 1530–1574-[O] )-[O] killed-[O] the-[O] King-[O] Henry-[PB] II-[PI] of-[O] France-[O] when-[O] Montgommery-[PB] 's-[O] splintered-[O] lance-[O] sheared-[O] through-[O] the-[O] King-[O] 's-[O] helmet-[O] visor-[O] and-[O] thrust-[O] into-[O] his-[O] face-[O] .-[O]
3494	On-[O] February-[O] 6-[O] ,-[O] Matthews-[PB] was-[O] the-[O] only-[O] Big-[O] Ten-[O] athlete-[O] named-[O] a-[O] Julius-[O] Erving-[O] Award-[O] Top-[O] 10-[O] finalist-[O] .-[O]
3511	Sylvia-[PB] Plath-[PI] (;-[O] October-[O] 27-[O] ,-[O] 1932-[O]   -[O] –-[O] February-[O] 11-[O] ,-[O] 1963-[O] )-[O] was-[O] an-[O] American-[O] poet-[O] ,-[O] novelist-[O] ,-[O] and-[O] short-[O] --[O] story-[O] writer-[O] .-[O]
3513	"Theories-[O] about-[O] what-[O] happened-[O] to-[O] the-[O] unfinished-[O] manuscript-[O] are-[O] repeatedly-[O] brought-[O] up-[O] in-[O] the-[O] book-[O] ""-[O] Sylvia-[O] Plath-[O] 's-[O] Fiction-[O] :-[O] A-[O] Critical-[O] Study-[O] ""-[O] by-[O] Luke-[PB] Ferretter-[PI] .-[O]"
3576	"In-[O] 2014-[O] ,-[O] he-[O] composed-[O] the-[O] theme-[O] song-[O] for-[O] Grace-[PB] Helbig-[PI] 's-[PB] podcast-[O] ,-[O] ""-[O] Not-[O] Too-[O] Deep-[O] ""-[O] ,-[O] and-[O] the-[O] following-[O] year-[O] he-[O] was-[O] chosen-[O] to-[O] create-[O] the-[O] theme-[O] song-[O] for-[O] ""-[O] The-[O] Grace-[O] Helbig-[O] Show-[O] ""-[O] on-[O] E-[O] !-[O] Entertainment-[O] Television-[O] .-[O]"
3577	The-[O] foundation-[O] has-[O] supported-[O] various-[O] arts-[O] and-[O] culture-[O] organizations-[O] in-[O] Colorado-[O] ,-[O] including-[O] the-[O] Denver-[O] Art-[O] Museum-[O] ,-[O] which-[O] features-[O] the-[O] Merle-[O] Chambers-[O] and-[O] Hugh-[O] Grant-[O] Modern-[O] Gallery-[O] ;-[O] the-[O] Colorado-[O] Ballet-[O] ;-[O] the-[O] Ellie-[O] Caulkins-[O] Opera-[O] House-[O] at-[O] the-[O] Denver-[O] Performing-[O] Arts-[O] Complex-[O] ,-[O] to-[O] which-[O] the-[O] fund-[O] gave-[O] $-[O] 2-[O] million-[O] to-[O] Denver-[O] Arts-[O] &-[O] Venues-[O] toward-[O] the-[O] opening-[O] of-[O] the-[O] Chambers-[O] Grant-[O] Salon-[O] ;-[O] the-[O] Clyfford-[O] Still-[O] Museum-[O] ;-[O] and-[O] Kirkland-[O] Museum-[O] of-[O] Fine-[O] &-[O] Decorative-[O] Art-[O] .-[O]
3601	The-[O] station-[O] 's-[O] only-[O] exit-[O] is-[O] a-[O] mezzanine-[O] in-[O] the-[O] center-[O] of-[O] the-[O] Hugh-[O] Grant-[O] Circle-[O] ,-[O] a-[O] traffic-[O] circle-[O] .-[O]
3604	After-[O] coming-[O] back-[O] to-[O] her-[O] country-[O] ,-[O] she-[O] settled-[O] in-[O] Kraków-[O] and-[O] acted-[O] in-[O] garden-[O] theatres-[O] ,-[O] travelling-[O] troupes-[O] ,-[O] and-[O] then-[O] in-[O] Kraków-[O] Juliusz-[O] Słowacki-[O] Theatre-[O] directed-[O] by-[O] Tadeusz-[PB] Pawlikowski-[PI] .-[O]
3610	The-[O] magazine-[O] published-[O] juvenilia-[O] of-[O] several-[O] writers-[O] who-[O] later-[O] became-[O] well-[O] known-[O] ,-[O] including-[O] :-[O] Geoffrey-[PB] Gorer-[PI] ,-[O] William-[PB] Empson-[PI] ,-[O] Michael-[PB] Frayn-[PI] ,-[O] Ted-[PB] Hughes-[PI] ,-[O] A.-[PB] A.-[PI] Milne-[PB] Sylvia-[PI] Plath-[PB] ,-[O] Bertram-[PB] Fletcher-[PI] Robinson-[PB] ,-[O] John-[PB] Simpson-[PI] ,-[O] and-[O] Stevie-[PB] Smith-[PI] .-[O]
3614	He-[O] had-[O] merit-[O] in-[O] establishment-[O] of-[O] Polish-[O] primary-[O] schools-[O] in-[O] the-[O] area-[O] ,-[O] mining-[O] school-[O] in-[O] Doubrava-[O] and-[O] the-[O] Juliusz-[O] Słowacki-[O] Polish-[O] Grammar-[O] School-[O] in-[O] Orłowa-[O] .-[O]
3717	Also-[O] involved-[O] in-[O] the-[O] capture-[O] of-[O] Davis-[PB] was-[O] Corporal-[O] John-[PB] William-[PI] Bowles-[PB] of-[O] Company-[O] M.-[O]
3773	In-[O] 2001-[O] ,-[O] Bender-[PB] participated-[O] in-[O] the-[O] Slam-[O] Dunk-[O] competition-[O] during-[O] All-[O] --[O] Star-[O] weekend-[O] ,-[O] where-[O] he-[O] executed-[O] a-[O] Julius-[PB] Erving-[PI] --[O] style-[O] tomahawk-[O] jam-[O] from-[O] the-[O] free-[O] throw-[O] line-[O] ,-[O] left-[O] --[O] handed-[O] .-[O]
3792	Hugh-[PB] Grant-[PI] ’s-[PB] Chopin-[PI] is-[O] a-[O] brilliant-[O] caricature-[O] of-[O] the-[O] Romantic-[O] ideal-[O] of-[O] the-[O] artist-[O] ;-[O] he-[O] gives-[O] the-[O] character-[O] an-[O] air-[O] of-[O] befuddled-[O] unworldliness-[O] ,-[O] and-[O] punctuates-[O] his-[O] readings-[O] with-[O] delicately-[O] timed-[O] tubercular-[O] coughs-[O] .-[O]
3813	"The-[O] book-[O] was-[O] later-[O] adapted-[O] for-[O] a-[O] TV-[O] movie-[O] ""-[O] Bad-[O] As-[O] I-[O] Wanna-[O] Be-[O] :-[O] The-[O] Dennis-[O] Rodman-[O] Story-[O] ""-[O] .-[O]"
3883	The-[O] next-[O] night-[O] ,-[O] April-[O] 7-[O] ,-[O] 1976-[O] ,-[O] the-[O] Squires-[O] lost-[O] their-[O] final-[O] game-[O] ,-[O] 127-[O] --[O] 123-[O] ,-[O] at-[O] home-[O] in-[O] Norfolk-[O] against-[O] the-[O] New-[O] York-[O] Nets-[O] ;-[O] former-[O] Squire-[O] Julius-[PB] Erving-[PI] had-[O] a-[O] game-[O] --[O] high-[O] 38-[O] points-[O] for-[O] the-[O] Nets-[O] .-[O]
3895	"In-[O] 1974-[O] ,-[O] Wright-[PB] wrote-[O] ""-[O] Six-[O] Nights-[O] and-[O] a-[O] Day-[O] ""-[O] for-[O] Candi-[PB] Staton-[PI] 's-[PB] album-[O] ,-[O] ""-[O] The-[O] Best-[O] of-[O] Candi-[O] Staton-[O] ""-[O] .-[O]"
3925	In-[O] the-[O] 1552-[O] Treaty-[O] of-[O] Chambord-[O] ,-[O] a-[O] number-[O] of-[O] insurgent-[O] Protestant-[O] Imperial-[O] princes-[O] around-[O] Elector-[O] Maurice-[O] of-[O] Saxony-[O] ceded-[O] the-[O] Three-[O] Bishoprics-[O] to-[O] King-[O] Henry-[O] II-[O] of-[O] France-[O] in-[O] turn-[O] for-[O] his-[O] support-[O] .-[O]
3970	Stephen-[PB] Simpson-[PI] Hillage-[PB] (-[O] born-[O] 2-[O] August-[O] 1951-[O] )-[O] is-[O] an-[O] English-[O] musician-[O] ,-[O] best-[O] known-[O] as-[O] a-[O] guitarist-[O] .-[O]
4060	Notable-[O] figures-[O] in-[O] the-[O] missionary-[O] movement-[O] among-[O] the-[O] Gwichʼin-[O] are-[O] Archdeacon-[O] Hudson-[PB] Stuck-[PI] ,-[O] William-[PB] West-[PI] Kirkby-[PB] ,-[O] Robert-[PB] McDonald-[PI] ,-[O] Deacon-[O] William-[PB] Loola-[PI] ,-[O] and-[O] Deacon-[O] Albert-[PB] Tritt-[PI] .-[O]
4063	"From-[O] 1898-[O] to-[O] 1900-[O] Flora-[PB] Thompson-[PI] ,-[O] author-[O] of-[O] ""-[O] Lark-[O] Rise-[O] to-[O] Candleford-[O] ""-[O] ,-[O] was-[O] assistant-[O] postmistress-[O] in-[O] Grayshott-[O] and-[O] lived-[O] in-[O] The-[O] Avenue-[O] .-[O]"
4078	In-[O] the-[O] series-[O] one-[O] premiere-[O] episode-[O] ,-[O] Ryan-[PB] points-[O] out-[O] to-[O] Catherine-[PB] ,-[O] who-[O] is-[O] visiting-[O] her-[O] daughter-[O] Becky-[PB] 's-[O] grave-[O] in-[O] the-[O] next-[O] row-[O] ,-[O] that-[O] visitors-[O] have-[O] left-[O] pens-[O] at-[O] Sylvia-[PB] Plath-[PI] Hughes-[PB] '-[PI] grave-[O] .-[O]
4191	Andrew-[PB] Toney-[PI] scored-[O] 36-[O] and-[O] Julius-[PB] Erving-[PI] 21-[O] ,-[O] but-[O] no-[O] one-[O] else-[O] came-[O] through-[O] .-[O]
4224	The-[O] family-[O] moved-[O] as-[O] a-[O] group-[O] to-[O] Scotland-[O] around-[O] 1896-[O] ,-[O] following-[O] the-[O] death-[O] of-[O] the-[O] eldest-[O] sister-[O] ,-[O] Mary-[PB] Eliza-[PI] Cadell-[PB] ,-[O] and-[O] only-[O] brother-[O] William-[PB] Farquhar-[PI] Cadell-[PB] (-[O] 1874–1894-[O] )-[O] .-[O]
4231	They-[O] acquired-[O] former-[O] ABA-[O] All-[O] --[O] Star-[O] Julius-[PB] Erving-[PI] ,-[O] late-[O] of-[O] the-[O] New-[O] York-[O] Nets-[O] ,-[O] in-[O] the-[O] offseason-[O] .-[O]
4249	"On-[O] August-[O] 6-[O] ,-[O] 2014-[O] ,-[O] ""-[O] Deadline-[O] Hollywood-[O] ""-[O] reported-[O] that-[O] Grace-[PB] Helbig-[PI] was-[O] to-[O] star-[O] in-[O] a-[O] comedy-[O] /-[O] talk-[O] show-[O] pilot-[O] ,-[O] tentatively-[O] called-[O] ""-[O] The-[O] Grace-[O] Helbig-[O] Project-[O] ""-[O] .-[O]"
